name,email,gender
Towney Smaling,tsmaling0@angelfire.com,Male
Lilias Laraway,llaraway1@webs.com,Female
Anne Scally,ascally2@accuweather.com,Female
Cyndy Philps,cphilps3@tripod.com,Non-binary
Vitia Denington,vdenington4@samsung.com,Female
Ariella Mackstead,amackstead5@joomla.org,Female
Drud Twede,dtwede6@artisteer.com,Male
Rolfe Blakeston,rblakeston7@com.com,Male
Urban Weben,uweben8@wiley.com,Male
Irwin Cardenoso,icardenoso9@myspace.com,Male
Sidoney Stockman,sstockmana@cmu.edu,Agender
Roana Bretton,rbrettonb@hugedomains.com,Female
Juan Grasner,jgrasnerc@vistaprint.com,Male
Rudyard Rigden,rrigdend@noaa.gov,Male
Hashim Rabidge,hrabidgee@walmart.com,Male
Marven Duffer,mdufferf@google.co.jp,Male
Allister Gidney,agidneyg@prweb.com,Male
Raynell Delgua,rdelguah@cafepress.com,Female
Jermaine Chopin,jchopini@opera.com,Female
Julieta Steinhammer,jsteinhammerj@joomla.org,Female
Eadith Frail,efrailk@narod.ru,Female
Alice Bonifazio,abonifaziol@hud.gov,Female
Darcy Christene,dchristenem@microsoft.com,Male
Odette Sivier,osiviern@craigslist.org,Female
Prescott Geistbeck,pgeistbecko@devhub.com,Male
Jacquelin Browning,jbrowningp@ucsd.edu,Female
Odele Brunelleschi,obrunelleschiq@unesco.org,Female
Giorgi Balchin,gbalchinr@google.ca,Male
Lizbeth Happer,lhappers@zdnet.com,Female
Yuri Timlin,ytimlint@rakuten.co.jp,Male
Ginny Cawthron,gcawthronu@chron.com,Female
Elinor Josefsson,ejosefssonv@mashable.com,Female
Iver Ayllett,iayllettw@wired.com,Male
Myriam O'Hederscoll,mohederscollx@smugmug.com,Female
Urbano Mar,umary@scribd.com,Male
Merwin Cahalan,mcahalanz@google.com.au,Male
Mitchell Prichard,mprichard10@yellowpages.com,Male
Sayer Wedon,swedon11@networkadvertising.org,Male
Bryn Roblou,broblou12@engadget.com,Female
Diahann Aylin,daylin13@alexa.com,Female
Jaquelyn Arangy,jarangy14@amazon.co.jp,Female
Gav Matteucci,gmatteucci15@edublogs.org,Male
Wang Kelso,wkelso16@reuters.com,Male
Johny Rainard,jrainard17@sourceforge.net,Male
Hubie Mettericke,hmettericke18@i2i.jp,Male
Francis Burde,fburde19@ftc.gov,Male
Rutledge Beatty,rbeatty1a@simplemachines.org,Male
Zita Rosengarten,zrosengarten1b@tmall.com,Female
Lionello Dumke,ldumke1c@sfgate.com,Male
Celie Cokayne,ccokayne1d@goo.ne.jp,Female
Betteann Twizell,btwizell1e@tamu.edu,Female
Ibby Jakaway,ijakaway1f@google.pl,Female
Babette Ennion,bennion1g@shareasale.com,Female
Celesta Roskruge,croskruge1h@soundcloud.com,Female
Radcliffe Twyning,rtwyning1i@independent.co.uk,Male
Spense Denidge,sdenidge1j@google.ca,Male
Roberto Quinevan,rquinevan1k@boston.com,Male
Cookie Hume,chume1l@huffingtonpost.com,Female
Patrica Speirs,pspeirs1m@bloomberg.com,Female
Ricki Rand,rrand1n@usa.gov,Female
Katheryn Kefford,kkefford1o@g.co,Female
Alleen MacIlurick,amacilurick1p@alexa.com,Female
Tawnya Scamp,tscamp1q@typepad.com,Female
Shanta Hinkes,shinkes1r@cmu.edu,Agender
Griselda Coatts,gcoatts1s@tripod.com,Female
Sylvan Wawer,swawer1t@etsy.com,Male
Aridatha Boyson,aboyson1u@google.com.au,Female
Ugo Senussi,usenussi1v@miibeian.gov.cn,Male
Christiano McOmish,cmcomish1w@marketwatch.com,Male
Alison Amberger,aamberger1x@answers.com,Female
Claresta Dyott,cdyott1y@bravesites.com,Female
Viviene Scrammage,vscrammage1z@toplist.cz,Female
Ruth Beinke,rbeinke20@mayoclinic.com,Female
Herschel deKnevet,hdeknevet21@photobucket.com,Male
Simonne Handscomb,shandscomb22@friendfeed.com,Female
Corena Carhart,ccarhart23@umn.edu,Female
Zorana Loins,zloins24@hibu.com,Genderqueer
Arron Chasteney,achasteney25@gnu.org,Male
Leonid Lisle,llisle26@zdnet.com,Male
Gualterio Nickerson,gnickerson27@howstuffworks.com,Male
Dion Tilmouth,dtilmouth28@oakley.com,Male
Rudolfo Edgeler,redgeler29@techcrunch.com,Male
Phyllis Martinho,pmartinho2a@ezinearticles.com,Female
Marie-jeanne Jakuszewski,mjakuszewski2b@businesswire.com,Female
Meghan Kopfen,mkopfen2c@webnode.com,Female
Cynthie Weiss,cweiss2d@gov.uk,Female
Erina Coode,ecoode2e@woothemes.com,Female
Bette-ann Manderson,bmanderson2f@dmoz.org,Female
Claiborn McIlmorie,cmcilmorie2g@microsoft.com,Male
Bendick Davson,bdavson2h@imgur.com,Male
Camila Berendsen,cberendsen2i@ed.gov,Female
Brigitta Blinman,bblinman2j@biblegateway.com,Female
Barby Mathevon,bmathevon2k@comsenz.com,Female
Averil Benyan,abenyan2l@xinhuanet.com,Male
Erina Berisford,eberisford2m@cdc.gov,Female
Melisa Gainsford,mgainsford2n@zdnet.com,Female
Sullivan Simnett,ssimnett2o@oaic.gov.au,Male
Phoebe Berlin,pberlin2p@netlog.com,Female
Dimitri Moores,dmoores2q@ca.gov,Male
Faye Stoddard,fstoddard2r@behance.net,Bigender
Esteban Jeandon,ejeandon2s@mtv.com,Male
Avery Stiles,astiles2t@alexa.com,Male
Julio Bolan,jbolan2u@simplemachines.org,Male
Myrtice Lummus,mlummus2v@psu.edu,Female
Danny McAuliffe,dmcauliffe2w@irs.gov,Female
Blithe Parmer,bparmer2x@phoca.cz,Female
Roseann Bosquet,rbosquet2y@fc2.com,Female
Sande Wallsam,swallsam2z@livejournal.com,Bigender
Lainey Bowle,lbowle30@europa.eu,Female
Damiano Halwood,dhalwood31@ezinearticles.com,Male
Venita Risely,vrisely32@berkeley.edu,Female
Elfrieda Hadlee,ehadlee33@utexas.edu,Female
Iorgos Rickford,irickford34@cnet.com,Polygender
Benedicto Macconachy,bmacconachy35@upenn.edu,Male
Dierdre Edelheid,dedelheid36@dion.ne.jp,Female
Norrie Phillott,nphillott37@g.co,Bigender
Henderson Lissenden,hlissenden38@themeforest.net,Male
Johny Castanares,jcastanares39@bbc.co.uk,Male
Ernestine Emanuelli,eemanuelli3a@trellian.com,Female
Gannie Bruyntjes,gbruyntjes3b@mtv.com,Male
Osmond Grigorey,ogrigorey3c@wix.com,Male
Elston Geertz,egeertz3d@de.vu,Male
Cyrillus Mewhirter,cmewhirter3e@taobao.com,Male
Towney Hymus,thymus3f@jimdo.com,Male
Letta Jugging,ljugging3g@studiopress.com,Female
Morse Disbury,mdisbury3h@wiley.com,Male
Bond Clawsley,bclawsley3i@usgs.gov,Male
Chloe Beckett,cbeckett3j@ihg.com,Female
Neils Litchfield,nlitchfield3k@ft.com,Male
Molli Kauble,mkauble3l@columbia.edu,Female
Courtenay Swadlin,cswadlin3m@blogger.com,Female
Gabe Baddiley,gbaddiley3n@privacy.gov.au,Male
Robbert O'Dunniom,rodunniom3o@flavors.me,Genderfluid
Celka Downing,cdowning3p@bbc.co.uk,Female
Ardath Luckcock,aluckcock3q@github.io,Female
Mychal Root,mroot3r@reverbnation.com,Male
Fonz Neesham,fneesham3s@zimbio.com,Male
Broderic Swiffen,bswiffen3t@java.com,Male
Shalom Blackesland,sblackesland3u@sina.com.cn,Male
Joshua Blare,jblare3v@shareasale.com,Male
Janeta Clue,jclue3w@yolasite.com,Female
Herman Hess,hhess3x@blogtalkradio.com,Male
Emlynn Libermore,elibermore3y@com.com,Female
Gweneth Mackie,gmackie3z@time.com,Female
Galvin McCoy,gmccoy40@xing.com,Male
Brittni Baukham,bbaukham41@bbc.co.uk,Bigender
Charmian Surgener,csurgener42@hp.com,Female
Donelle Conaboy,dconaboy43@storify.com,Genderqueer
Shela Lidierth,slidierth44@paginegialle.it,Female
Delphine Dainter,ddainter45@cmu.edu,Female
